image,timestamp,input_rate,confidence,absolute_time_from_start,cpu_utility,detection_boxes,model_processing_time,image_processing_time,utility,model
1,2024-12-01T17:36:02.230229,1,0.8808498382568359,2.109078884124756,23.9,1,2.1081302165985107,2.7718374729156494,-0.4454938173294067,yolov5x
2,2024-12-01T17:36:02.899573,1,0.8532446622848511,2.778435707092285,46.1,3,0.5211708545684814,1.444136381149292,0.2045541405677795,yolov5x
3,2024-12-01T17:36:05.246131,1,0.491197258234024,5.1249988079071045,27.2,1,0.7781715393066406,1.7755444049835205,-0.3921735733747482,yolov5x
4,2024-12-01T17:36:06.459124,1,0,6.337985038757324,30.1,0,0.4177465438842773,1.007070779800415,-0.2535353899002075,yolov5x
4,2024-12-01T17:36:06.459124,1,0,6.337985038757324,30.1,0,0.4177465438842773,1.007070779800415,-0.2535353899002075,yolov5x
4,2024-12-01T17:36:06.459124,1,0,6.337985038757324,30.1,0,0.4177465438842773,1.007070779800415,-0.2535353899002075,yolov5x
5,2024-12-01T17:36:08.666100,1,0.9066329002380372,8.544965982437134,21.7,1,0.4808146953582763,1.207646131515503,0.3494933843612671,yolov5x
6,2024-12-01T17:36:09.721076,1,0.4144727289676666,9.59994101524353,29.7,2,0.2534132003784179,0.2693867683410644,0.0919297486543655,yolov5x
7,2024-12-01T17:36:11.828940,1,0.9248490333557128,11.70780062675476,28.0,1,0.3563332557678222,0.3767642974853515,0.6508066654205322,yolov5x
7,2024-12-01T17:36:11.828940,1,0.9248490333557128,11.70780062675476,28.0,1,0.3563332557678222,0.3767642974853515,0.6508066654205322,yolov5x
8,2024-12-01T17:36:14.562041,1,0.590236226717631,14.440906286239624,24.1,3,0.4128856658935547,1.1023521423339844,0.2439420421918233,yolov5x
8,2024-12-01T17:36:14.562041,1,0.590236226717631,14.440906286239624,24.1,3,0.4128856658935547,1.1023521423339844,0.2439420421918233,yolov5x
8,2024-12-01T17:36:14.562041,1,0.590236226717631,14.440906286239624,24.1,3,0.4128856658935547,1.1023521423339844,0.2439420421918233,yolov5x
9,2024-12-01T17:36:17.259017,1,0.5650174021720886,17.137881755828857,25.9,1,0.6685423851013184,1.7771878242492676,-0.1060852110385894,yolov5x
9,2024-12-01T17:36:17.259017,1,0.5650174021720886,17.137881755828857,25.9,1,0.6685423851013184,1.7771878242492676,-0.1060852110385894,yolov5x
11,2024-12-01T17:36:20.461364,1,0.9111868143081664,20.34022855758667,28.7,1,0.3648715019226074,1.0036289691925049,0.4537789225578308,yolov5x
11,2024-12-01T17:36:20.461364,1,0.9111868143081664,20.34022855758667,28.7,1,0.3648715019226074,1.0036289691925049,0.4537789225578308,yolov5x
12,2024-12-01T17:36:21.946755,1,0.5736338496208191,21.825616598129272,31.2,1,0.4526920318603515,0.4911396503448486,0.5323867499828339,yolov5x
12,2024-12-01T17:36:21.946755,1,0.5736338496208191,21.825616598129272,31.2,1,0.4526920318603515,0.4911396503448486,0.5323867499828339,yolov5x
12,2024-12-01T17:36:21.946755,1,0.5736338496208191,21.825616598129272,31.2,1,0.4526920318603515,0.4911396503448486,0.5323867499828339,yolov5x
13,2024-12-01T17:36:25.004823,1,0.7318993806838989,24.883686780929565,24.7,2,0.6562221050262451,1.535088062286377,0.0984056591987609,yolov5x
13,2024-12-01T17:36:25.004823,1,0.7318993806838989,24.883686780929565,24.7,2,0.6562221050262451,1.535088062286377,0.0984056591987609,yolov5x
14,2024-12-01T17:36:26.853922,1,0.9640949964523317,26.732783555984497,28.4,1,0.5681331157684326,1.384648323059082,0.2897233366966247,yolov5x
15,2024-12-01T17:36:28.740083,1,0.9436438679695128,28.61894679069519,27.2,1,0.5332450866699219,1.2746906280517578,0.3344766199588775,yolov5x
15,2024-12-01T17:36:28.740083,1,0.9436438679695128,28.61894679069519,27.2,1,0.5332450866699219,1.2746906280517578,0.3344766199588775,yolov5x
15,2024-12-01T17:36:28.740083,1,0.9436438679695128,28.61894679069519,27.2,1,0.5332450866699219,1.2746906280517578,0.3344766199588775,yolov5x
15,2024-12-01T17:36:28.740083,1,0.9436438679695128,28.61894679069519,27.2,1,0.5332450866699219,1.2746906280517578,0.3344766199588775,yolov5x
17,2024-12-01T17:36:33.652779,1,0.6658167541027069,33.53163766860962,43.4,2,0.5453824996948242,2.1850428581237797,-0.2596130520105362,yolov5x
18,2024-12-01T17:36:34.346274,1,0.8749606907367706,34.225138664245605,48.4,2,0.5507590770721436,0.878115177154541,0.8765379339456558,yolov5x
19,2024-12-01T17:36:36.299155,1,0.951193869113922,36.1780161857605,26.4,1,0.3136560916900635,0.8371920585632324,0.8941929638385773,yolov5x
19,2024-12-01T17:36:36.299155,1,0.951193869113922,36.1780161857605,26.4,1,0.3136560916900635,0.8371920585632324,0.8941929638385773,yolov5x
20,2024-12-01T17:36:38.498532,1,0.9717878699302672,38.37739562988281,22.6,1,0.4382717609405517,1.0333547592163086,0.4692165553569793,yolov5x
20,2024-12-01T17:36:38.498532,1,0.9717878699302672,38.37739562988281,22.6,1,0.4382717609405517,1.0333547592163086,0.4692165553569793,yolov5x
21,2024-12-01T17:36:40.553497,1,0.9589051008224488,40.432361364364624,27.0,1,0.4860665798187256,1.0876126289367676,0.4356462359428406,yolov5x
21,2024-12-01T17:36:40.553497,1,0.9589051008224488,40.432361364364624,27.0,1,0.4860665798187256,1.0876126289367676,0.4356462359428406,yolov5x
21,2024-12-01T17:36:40.553497,1,0.9589051008224488,40.432361364364624,27.0,1,0.4860665798187256,1.0876126289367676,0.4356462359428406,yolov5x
22,2024-12-01T17:36:42.836496,1,0.9545497298240662,42.71535563468933,26.2,1,0.5926690101623535,1.3622889518737793,0.2961303889751434,yolov5x
23,2024-12-01T17:36:44.924335,1,0.600142315030098,44.80319952964783,26.3,2,0.5823996067047119,1.4464311599731443,0.0768555775284767,yolov5x
23,2024-12-01T17:36:44.924335,1,0.600142315030098,44.80319952964783,26.3,2,0.5823996067047119,1.4464311599731443,0.0768555775284767,yolov5x
24,2024-12-01T17:36:46.887313,1,0.9419967532157898,46.76616930961609,29.8,1,0.5385539531707764,1.408895492553711,0.2665506303310394,yolov5x
25,2024-12-01T17:36:48.688524,1,0.9321947693824768,48.56738424301148,26.9,1,0.5287690162658691,1.216104507446289,0.3580451309680938,yolov5x
25,2024-12-01T17:36:48.688524,1,0.9321947693824768,48.56738424301148,26.9,1,0.5287690162658691,1.216104507446289,0.3580451309680938,yolov5x
26,2024-12-01T17:36:50.615098,1,0.9578045010566713,50.49395942687988,26.8,1,0.5207822322845459,1.1438140869140625,0.4069952070713043,yolov5x
27,2024-12-01T17:36:51.978430,1,0.9363961815834044,51.85729360580444,33.3,1,0.4734628200531006,0.5087060928344727,0.7225511372089386,yolov5x
27,2024-12-01T17:36:51.978430,1,0.9363961815834044,51.85729360580444,33.3,1,0.4734628200531006,0.5087060928344727,0.7225511372089386,yolov5x
28,2024-12-01T17:36:54.427239,1,0.960005521774292,54.3060986995697,23.0,1,0.3817746639251709,0.95497727394104,0.957491397857666,yolov5x
28,2024-12-01T17:36:54.427239,1,0.960005521774292,54.3060986995697,23.0,1,0.3817746639251709,0.95497727394104,0.957491397857666,yolov5x
29,2024-12-01T17:36:56.746826,1,0.968176245689392,56.62569189071655,25.9,1,0.5782203674316406,1.2676429748535156,0.3502666354179382,yolov5x
29,2024-12-01T17:36:56.746826,1,0.968176245689392,56.62569189071655,25.9,1,0.5782203674316406,1.2676429748535156,0.3502666354179382,yolov5x
30,2024-12-01T17:36:58.533182,1,0.9634423851966858,58.41204237937927,26.8,1,0.4227035045623779,1.0578904151916504,0.4527759850025177,yolov5x
31,2024-12-01T17:36:59.857797,1,0.9364027976989746,59.73665761947632,29.5,1,0.3493878841400146,0.3849904537200928,0.6606966257095337,yolov5x
32,2024-12-01T17:37:01.773191,1,0.8646409511566162,61.65205478668213,23.7,1,0.2852640151977539,0.2995901107788086,0.5821155309677124,yolov5x
32,2024-12-01T17:37:01.773191,1,0.8646409511566162,61.65205478668213,23.7,1,0.2852640151977539,0.2995901107788086,0.5821155309677124,yolov5x
32,2024-12-01T17:37:01.773191,1,0.8646409511566162,61.65205478668213,23.7,1,0.2852640151977539,0.2995901107788086,0.5821155309677124,yolov5x
33,2024-12-01T17:37:04.607053,1,0.9442976713180542,64.48591589927673,24.0,1,0.4915978908538818,1.1283977031707764,0.4079499840736389,yolov5x
33,2024-12-01T17:37:04.607053,1,0.9442976713180542,64.48591589927673,24.0,1,0.4915978908538818,1.1283977031707764,0.4079499840736389,yolov5x
34,2024-12-01T17:37:06.460763,1,0.9379216432571412,66.33961606025696,29.1,1,0.4155130386352539,0.9841310977935792,0.96102637052536,yolov5x
34,2024-12-01T17:37:06.460763,1,0.9379216432571412,66.33961606025696,29.1,1,0.4155130386352539,0.9841310977935792,0.96102637052536,yolov5x
36,2024-12-01T17:37:09.904961,1,0.9524073004722596,69.78382158279419,36.5,1,0.3716068267822265,0.4276378154754638,0.6900225579738617,yolov5x
36,2024-12-01T17:37:09.904961,1,0.9524073004722596,69.78382158279419,36.5,1,0.3716068267822265,0.4276378154754638,0.6900225579738617,yolov5x
37,2024-12-01T17:37:11.927086,1,0.9508897066116332,71.80594754219055,26.0,1,0.3934881687164306,0.4474179744720459,0.6991538405418396,yolov5x
37,2024-12-01T17:37:11.927086,1,0.9508897066116332,71.80594754219055,26.0,1,0.3934881687164306,0.4474179744720459,0.6991538405418396,yolov5x
37,2024-12-01T17:37:11.927086,1,0.9508897066116332,71.80594754219055,26.0,1,0.3934881687164306,0.4474179744720459,0.6991538405418396,yolov5x
38,2024-12-01T17:37:14.578931,1,0.951452136039734,74.45779252052307,26.8,1,0.5244531631469727,1.0984961986541748,0.4264779686927795,yolov5x
38,2024-12-01T17:37:14.578931,1,0.951452136039734,74.45779252052307,26.8,1,0.5244531631469727,1.0984961986541748,0.4264779686927795,yolov5x
39,2024-12-01T17:37:17.077777,1,0.8963226079940796,76.9566421508789,26.1,1,0.6165430545806885,1.5808889865875244,0.1577168107032776,yolov5x
39,2024-12-01T17:37:17.077777,1,0.8963226079940796,76.9566421508789,26.1,1,0.6165430545806885,1.5808889865875244,0.1577168107032776,yolov5x
40,2024-12-01T17:37:19.601018,1,0.9421653747558594,79.4798789024353,27.7,1,0.737403154373169,2.087540626525879,-0.0726876258850097,yolov5x
41,2024-12-01T17:37:20.379636,1,0.5939201712608337,80.2584958076477,53.1,2,0.6598577499389648,0.8962008953094482,0.745060533285141,yolov5x
41,2024-12-01T17:37:20.379636,1,0.5939201712608337,80.2584958076477,53.1,2,0.6598577499389648,0.8962008953094482,0.745060533285141,yolov5x
42,2024-12-01T17:37:22.477925,1,0.9205547173817952,82.35678505897522,23.5,3,0.376535415649414,0.993762731552124,0.9571587244669596,yolov5x
42,2024-12-01T17:37:22.477925,1,0.9205547173817952,82.35678505897522,23.5,3,0.376535415649414,0.993762731552124,0.9571587244669596,yolov5x
43,2024-12-01T17:37:24.551663,1,0.9271355271339417,84.43052768707275,25.3,1,0.4399232864379883,1.0670874118804932,0.4300240576267242,yolov5x
44,2024-12-01T17:37:26.672012,1,0.971805214881897,86.55087757110596,26.4,1,0.5467219352722168,1.183515548706055,0.3941448330879211,yolov5x
44,2024-12-01T17:37:26.672012,1,0.971805214881897,86.55087757110596,26.4,1,0.5467219352722168,1.183515548706055,0.3941448330879211,yolov5x
45,2024-12-01T17:37:28.613838,1,0.7336744368076324,88.49270248413086,26.9,2,0.5640592575073242,1.1291823387145996,0.3022460490465164,yolov5x
46,2024-12-01T17:37:29.822935,1,0.955158829689026,89.70179581642151,30.0,1,0.3292458057403564,0.338592529296875,0.6468756794929504,yolov5x
46,2024-12-01T17:37:29.822935,1,0.955158829689026,89.70179581642151,30.0,1,0.3292458057403564,0.338592529296875,0.6468756794929504,yolov5x
46,2024-12-01T17:37:29.822935,1,0.955158829689026,89.70179581642151,30.0,1,0.3292458057403564,0.338592529296875,0.6468756794929504,yolov5x
47,2024-12-01T17:37:32.998601,1,0.9537778496742249,92.87746548652648,23.9,1,0.7622122764587402,1.503194808959961,0.2252915203571319,yolov5x
48,2024-12-01T17:37:34.367545,1,0.9134172201156616,94.24640035629272,29.3,1,0.354794979095459,0.8809506893157959,0.8971839547157288,yolov5x
48,2024-12-01T17:37:34.367545,1,0.9134172201156616,94.24640035629272,29.3,1,0.354794979095459,0.8809506893157959,0.8971839547157288,yolov5x
49,2024-12-01T17:37:36.600757,1,0.7558243274688721,96.47961449623108,25.1,2,0.4658906459808349,1.1104538440704346,0.3226852416992187,yolov5x
49,2024-12-01T17:37:36.600757,1,0.7558243274688721,96.47961449623108,25.1,2,0.4658906459808349,1.1104538440704346,0.3226852416992187,yolov5x
50,2024-12-01T17:37:38.865043,1,0,98.74390363693236,27.5,0,0.616600513458252,1.3673591613769531,-0.4336795806884765,yolov5x
50,2024-12-01T17:37:38.865043,1,0,98.74390363693236,27.5,0,0.616600513458252,1.3673591613769531,-0.4336795806884765,yolov5x
51,2024-12-01T17:37:40.743890,1,0.9466495513916016,100.62275075912476,33.5,1,0.5176105499267578,1.2475957870483398,0.3495268821716308,yolov5x
52,2024-12-01T17:37:42.677760,1,0.9660828113555908,102.55662107467651,30.5,1,0.5700042247772217,1.1839094161987305,0.3910866975784302,yolov5x
52,2024-12-01T17:37:42.677760,1,0.9660828113555908,102.55662107467651,30.5,1,0.5700042247772217,1.1839094161987305,0.3910866975784302,yolov5x
52,2024-12-01T17:37:42.677760,1,0.9660828113555908,102.55662107467651,30.5,1,0.5700042247772217,1.1839094161987305,0.3910866975784302,yolov5x
54,2024-12-01T17:37:45.870047,1,0.9338973760604858,105.74891018867493,57.7,1,0.2462964057922363,0.3772826194763183,0.6555899977684021,yolov5x
54,2024-12-01T17:37:45.870047,1,0.9338973760604858,105.74891018867493,57.7,1,0.2462964057922363,0.3772826194763183,0.6555899977684021,yolov5x
54,2024-12-01T17:37:45.870047,1,0.9338973760604858,105.74891018867493,57.7,1,0.2462964057922363,0.3772826194763183,0.6555899977684021,yolov5x
55,2024-12-01T17:37:48.950478,1,0.9535064101219176,108.82933807373048,24.7,1,0.6001899242401123,1.44297194480896,0.2552672326564789,yolov5x
56,2024-12-01T17:37:50.581926,1,0.8980884552001953,110.4607915878296,28.0,1,0.4620652198791504,1.0858900547027588,0.4060992002487182,yolov5x
56,2024-12-01T17:37:50.581926,1,0.8980884552001953,110.4607915878296,28.0,1,0.4620652198791504,1.0858900547027588,0.4060992002487182,yolov5x
57,2024-12-01T17:37:52.672557,1,0.9618728160858154,112.55141854286194,25.7,1,0.512732982635498,1.1732492446899414,0.394311785697937,yolov5x
57,2024-12-01T17:37:52.672557,1,0.9618728160858154,112.55141854286194,25.7,1,0.512732982635498,1.1732492446899414,0.394311785697937,yolov5x
58,2024-12-01T17:37:54.649888,1,0.7898005545139313,114.52874803543092,27.1,2,0.5136010646820068,1.1520237922668457,0.3188883811235428,yolov5x
59,2024-12-01T17:37:55.982673,1,0.3926795721054077,115.86153411865234,31.7,1,0.391566514968872,0.4859802722930908,0.1893299221992492,yolov5x
59,2024-12-01T17:37:55.982673,1,0.3926795721054077,115.86153411865234,31.7,1,0.391566514968872,0.4859802722930908,0.1893299221992492,yolov5x
60,2024-12-01T17:37:57.864037,1,0.9427613019943236,117.74290060997008,25.4,1,0.33705735206604,0.3682522773742676,0.6555067896842957,yolov5x
60,2024-12-01T17:37:57.864037,1,0.9427613019943236,117.74290060997008,25.4,1,0.33705735206604,0.3682522773742676,0.6555067896842957,yolov5x
61,2024-12-01T17:38:00.849632,1,0.8606899678707123,120.72849798202516,23.4,2,0.6410787105560303,1.3469653129577637,0.2568623274564743,yolov5x
62,2024-12-01T17:38:01.724339,1,0.8831988573074341,121.60319781303406,26.5,1,0.1954827308654785,0.2270510196685791,0.5551249384880066,yolov5x
62,2024-12-01T17:38:01.724339,1,0.8831988573074341,121.60319781303406,26.5,1,0.1954827308654785,0.2270510196685791,0.5551249384880066,yolov5x
62,2024-12-01T17:38:01.724339,1,0.8831988573074341,121.60319781303406,26.5,1,0.1954827308654785,0.2270510196685791,0.5551249384880066,yolov5x
63,2024-12-01T17:38:04.693182,1,0.9589487910270692,124.57204580307008,21.6,1,0.4186186790466308,1.1861279010772705,0.3864104449748993,yolov5x
63,2024-12-01T17:38:04.693182,1,0.9589487910270692,124.57204580307008,21.6,1,0.4186186790466308,1.1861279010772705,0.3864104449748993,yolov5x
64,2024-12-01T17:38:06.576205,1,0.9558364748954772,126.45507192611694,24.5,1,0.396768569946289,1.071213722229004,0.4423113763332367,yolov5x
65,2024-12-01T17:38:08.575286,1,0.5081087946891785,128.45414566993713,25.9,2,0.453993558883667,1.0723741054534912,0.2178673446178436,yolov5x
66,2024-12-01T17:38:09.823327,1,0.915031671524048,129.70218801498413,30.5,1,0.303581953048706,0.3225445747375488,0.6187881231307983,yolov5x
66,2024-12-01T17:38:09.823327,1,0.915031671524048,129.70218801498413,30.5,1,0.303581953048706,0.3225445747375488,0.6187881231307983,yolov5x
67,2024-12-01T17:38:11.880967,1,0.7430146336555481,131.7598271369934,25.0,1,0.3533306121826172,0.3785703182220459,0.560792475938797,yolov5x
67,2024-12-01T17:38:11.880967,1,0.7430146336555481,131.7598271369934,25.0,1,0.3533306121826172,0.3785703182220459,0.560792475938797,yolov5x
67,2024-12-01T17:38:11.880967,1,0.7430146336555481,131.7598271369934,25.0,1,0.3533306121826172,0.3785703182220459,0.560792475938797,yolov5x
68,2024-12-01T17:38:15.126504,1,0.9513924717903136,135.0053675174713,25.7,1,0.6255779266357422,1.6069438457489014,0.1722243130207061,yolov5x
69,2024-12-01T17:38:16.016168,1,0.9437299370765686,135.89503169059753,42.2,1,0.456585168838501,0.5124597549438477,0.7280948460102081,yolov5x
69,2024-12-01T17:38:16.016168,1,0.9437299370765686,135.89503169059753,42.2,1,0.456585168838501,0.5124597549438477,0.7280948460102081,yolov5x
70,2024-12-01T17:38:18.566955,1,0.9666547775268556,138.44581007957458,24.1,1,0.4625759124755859,1.0598571300506592,0.4533988237380981,yolov5x
70,2024-12-01T17:38:18.566955,1,0.9666547775268556,138.44581007957458,24.1,1,0.4625759124755859,1.0598571300506592,0.4533988237380981,yolov5x
71,2024-12-01T17:38:20.650129,1,0.951103448867798,140.52899408340454,23.4,1,0.451545238494873,1.13895845413208,0.4060724973678589,yolov5x
72,2024-12-01T17:38:21.886645,1,0.939428687095642,141.7655053138733,29.6,1,0.3481512069702148,0.3789751529693603,0.6592019200325012,yolov5x
72,2024-12-01T17:38:21.886645,1,0.939428687095642,141.7655053138733,29.6,1,0.3481512069702148,0.3789751529693603,0.6592019200325012,yolov5x
72,2024-12-01T17:38:21.886645,1,0.939428687095642,141.7655053138733,29.6,1,0.3481512069702148,0.3789751529693603,0.6592019200325012,yolov5x
73,2024-12-01T17:38:24.851135,1,0.9490424394607544,144.72999453544617,25.5,1,0.5398709774017334,1.3343875408172607,0.3073274493217468,yolov5x
74,2024-12-01T17:38:26.853440,1,0.9034278988838196,146.73230528831482,25.3,1,0.5134046077728271,1.3350458145141602,0.2841910421848297,yolov5x
75,2024-12-01T17:38:28.536733,1,0.9551040530204772,148.41559529304504,24.5,1,0.3384714126586914,1.021193504333496,0.4669552743434906,yolov5x
75,2024-12-01T17:38:28.536733,1,0.9551040530204772,148.41559529304504,24.5,1,0.3384714126586914,1.021193504333496,0.4669552743434906,yolov5x
75,2024-12-01T17:38:28.536733,1,0.9551040530204772,148.41559529304504,24.5,1,0.3384714126586914,1.021193504333496,0.4669552743434906,yolov5x
76,2024-12-01T17:38:30.699341,1,0.887871503829956,150.57820534706116,25.6,1,0.5561628341674805,1.1868228912353516,0.3505243062973022,yolov5x
77,2024-12-01T17:38:32.460751,1,0.875728964805603,152.33960795402527,27.8,1,0.3970293998718261,0.9493966102600098,0.9125627875328064,yolov5x
77,2024-12-01T17:38:32.460751,1,0.875728964805603,152.33960795402527,27.8,1,0.3970293998718261,0.9493966102600098,0.9125627875328064,yolov5x
77,2024-12-01T17:38:32.460751,1,0.875728964805603,152.33960795402527,27.8,1,0.3970293998718261,0.9493966102600098,0.9125627875328064,yolov5x
79,2024-12-01T17:38:35.881207,1,0.8449245989322662,155.76007103919983,30.5,2,0.3466191291809082,0.3698081970214844,0.6073663979768753,yolov5x
79,2024-12-01T17:38:35.881207,1,0.8449245989322662,155.76007103919983,30.5,2,0.3466191291809082,0.3698081970214844,0.6073663979768753,yolov5x
79,2024-12-01T17:38:35.881207,1,0.8449245989322662,155.76007103919983,30.5,2,0.3466191291809082,0.3698081970214844,0.6073663979768753,yolov5x
80,2024-12-01T17:38:38.594222,1,0.766372799873352,158.47307896614075,23.1,2,0.4446296691894531,1.0791840553283691,0.3435943722724914,yolov5x
80,2024-12-01T17:38:38.594222,1,0.766372799873352,158.47307896614075,23.1,2,0.4446296691894531,1.0791840553283691,0.3435943722724914,yolov5x
81,2024-12-01T17:38:40.487954,1,0.9600557684898376,160.3668177127838,25.5,1,0.3674349784851074,0.9717698097229004,0.965912789106369,yolov5x
81,2024-12-01T17:38:40.487954,1,0.9600557684898376,160.3668177127838,25.5,1,0.3674349784851074,0.9717698097229004,0.965912789106369,yolov5x
82,2024-12-01T17:38:42.641904,1,0.9007429480552672,162.52076888084412,26.4,1,0.4663276672363281,1.1243565082550049,0.3881932199001312,yolov5x
83,2024-12-01T17:38:44.443175,1,0.9382612109184264,164.32203555107117,26.3,1,0.385538101196289,0.9277164936065674,0.932988852262497,yolov5x
83,2024-12-01T17:38:44.443175,1,0.9382612109184264,164.32203555107117,26.3,1,0.385538101196289,0.9277164936065674,0.932988852262497,yolov5x
84,2024-12-01T17:38:46.506980,1,0.9564942121505736,166.38584089279175,25.7,1,0.3473682403564453,0.9873673915863036,0.9719308018684388,yolov5x
84,2024-12-01T17:38:46.506980,1,0.9564942121505736,166.38584089279175,25.7,1,0.3473682403564453,0.9873673915863036,0.9719308018684388,yolov5x
85,2024-12-01T17:38:47.897671,1,0.9419278502464294,167.7765247821808,28.6,1,0.3545787334442138,0.3815138339996338,0.6617208421230316,yolov5x
85,2024-12-01T17:38:47.897671,1,0.9419278502464294,167.7765247821808,28.6,1,0.3545787334442138,0.3815138339996338,0.6617208421230316,yolov5x
86,2024-12-01T17:38:50.540034,1,0.9400849342346193,170.41889834403992,22.9,1,0.409693956375122,1.019641399383545,0.4602217674255371,yolov5x
86,2024-12-01T17:38:50.540034,1,0.9400849342346193,170.41889834403992,22.9,1,0.409693956375122,1.019641399383545,0.4602217674255371,yolov5x
87,2024-12-01T17:38:52.694255,1,0.9590497612953186,172.5731179714203,26.1,1,0.4971883296966553,1.1708984375,0.3940756618976593,yolov5x
88,2024-12-01T17:38:54.685842,1,0.9599815607070924,174.5647008419037,27.5,1,0.5425014495849609,1.164940357208252,0.3975206017494201,yolov5x
88,2024-12-01T17:38:54.685842,1,0.9599815607070924,174.5647008419037,27.5,1,0.5425014495849609,1.164940357208252,0.3975206017494201,yolov5x
89,2024-12-01T17:38:56.611596,1,0.8784767687320709,176.4904613494873,26.7,2,0.454446792602539,1.0881006717681885,0.3951880484819412,yolov5x
89,2024-12-01T17:38:56.611596,1,0.8784767687320709,176.4904613494873,26.7,2,0.454446792602539,1.0881006717681885,0.3951880484819412,yolov5x
89,2024-12-01T17:38:56.611596,1,0.8784767687320709,176.4904613494873,26.7,2,0.454446792602539,1.0881006717681885,0.3951880484819412,yolov5x
90,2024-12-01T17:38:58.829091,1,0.9510566592216492,178.70795011520386,25.6,1,0.5431919097900391,1.2999029159545898,0.3255768716335296,yolov5x
91,2024-12-01T17:38:59.895493,1,0.845603346824646,179.77435612678528,32.7,2,0.3534021377563476,0.3742847442626953,0.6099440455436707,yolov5x
92,2024-12-01T17:39:02.494014,1,0.9648149013519288,182.37287521362305,24.0,1,0.4210414886474609,0.9703729152679444,0.9675939083099364,yolov5x
92,2024-12-01T17:39:02.494014,1,0.9648149013519288,182.37287521362305,24.0,1,0.4210414886474609,0.9703729152679444,0.9675939083099364,yolov5x
92,2024-12-01T17:39:02.494014,1,0.9648149013519288,182.37287521362305,24.0,1,0.4210414886474609,0.9703729152679444,0.9675939083099364,yolov5x
93,2024-12-01T17:39:04.882578,1,0.7289267778396606,184.76144337654117,25.3,2,0.609403133392334,1.35048246383667,0.1892221570014953,yolov5x
94,2024-12-01T17:39:06.562486,1,0.9057102799415588,186.4413468837738,28.5,1,0.4293112754821777,1.036829710006714,0.4344402849674225,yolov5x
94,2024-12-01T17:39:06.562486,1,0.9057102799415588,186.4413468837738,28.5,1,0.4293112754821777,1.036829710006714,0.4344402849674225,yolov5x
95,2024-12-01T17:39:09.641097,1,0.9199706315994264,189.5199520587921,25.8,1,0.8618888854980469,2.0850956439971924,-0.082562506198883,yolov5x
95,2024-12-01T17:39:09.641097,1,0.9199706315994264,189.5199520587921,25.8,1,0.8618888854980469,2.0850956439971924,-0.082562506198883,yolov5x
96,2024-12-01T17:39:11.106785,1,0.8991858959197998,190.9856505393982,35.7,1,0.6223537921905518,1.566450834274292,0.1663675308227539,yolov5x
97,2024-12-01T17:39:12.335906,1,0.9178615808486938,192.21477007865903,27.6,1,0.2687292098999023,0.8097660541534424,0.8638138175010681,yolov5x
97,2024-12-01T17:39:12.335906,1,0.9178615808486938,192.21477007865903,27.6,1,0.2687292098999023,0.8097660541534424,0.8638138175010681,yolov5x
98,2024-12-01T17:39:14.789146,1,0.6158005595207214,194.6680064201355,28.0,1,0.5398130416870117,1.2547738552093506,0.1805133521556854,yolov5x
99,2024-12-01T17:39:15.905212,1,0.941645324230194,195.78407311439517,32.5,1,0.3463389873504638,0.3783857822418213,0.6600155532360077,yolov5x
99,2024-12-01T17:39:15.905212,1,0.941645324230194,195.78407311439517,32.5,1,0.3463389873504638,0.3783857822418213,0.6600155532360077,yolov5x
100,2024-12-01T17:39:17.773495,1,0.4617348909378052,197.6523561477661,23.1,3,0.2376809120178222,0.2447500228881836,0.1032424569129943,yolov5x
100,2024-12-01T17:39:17.773495,16,0.4617348909378052,197.6523561477661,23.1,3,0.2376809120178222,0.2447500228881836,0.1032424569129943,yolov5x
101,2024-12-01T17:39:20.762251,18,0.5030241991792407,200.64111042022705,26.1,7,0.4860801696777344,1.2235517501831057,0.1397362244980676,yolov5x
103,2024-12-01T17:39:21.945607,18,0.8951873183250427,201.82446599006653,50.7,1,0.4982421398162842,2.254585266113281,-0.1796989738941192,yolov5n
103,2024-12-01T17:39:21.945607,15,0.8951873183250427,201.82446599006653,50.7,1,0.4982421398162842,2.254585266113281,-0.1796989738941192,yolov5n
105,2024-12-01T17:39:23.751581,20,0.4946856796741485,203.630441904068,34.2,2,0.1079609394073486,3.8984453678131104,-1.451879844069481,yolov5n
108,2024-12-01T17:39:24.808649,18,0.8343811631202698,204.68751192092896,46.6,1,0.3014853000640869,4.756572246551514,-1.461095541715622,yolov5n
119,2024-12-01T17:39:26.761123,7,0.7005977034568787,206.6399862766266,78.3,1,0.0318989753723144,6.047380208969116,-2.1733912527561188,yolov5n
121,2024-12-01T17:39:27.537195,6,0.90541273355484,207.41605687141416,33.0,1,0.1108903884887695,6.633338928222656,-2.363963097333908,yolov5n
126,2024-12-01T17:39:28.621197,3,0.7500484585762024,208.5000596046448,35.4,1,0.0655288696289062,7.303716421127319,-2.7768339812755585,yolov5s
127,2024-12-01T17:39:30.084903,3,0.8714867234230042,209.9637496471405,28.2,1,1.3081443309783936,8.735660791397095,-3.4320870339870453,yolov5m
127,2024-12-01T17:39:30.084903,4,0.8714867234230042,209.9637496471405,28.2,1,1.3081443309783936,8.735660791397095,-3.4320870339870453,yolov5m
130,2024-12-01T17:39:32.186418,3,0.8969219923019409,212.06527853012085,67.9,1,0.1046075820922851,10.669424057006836,-4.386251032352448,yolov5m
133,2024-12-01T17:39:33.172120,4,0.9179531335830688,213.0509841442108,38.2,1,0.286407470703125,11.584460973739624,-4.833253920078278,yolov5m
139,2024-12-01T17:39:35.083275,3,0.965164303779602,214.96213269233704,43.5,1,0.2050056457519531,13.062592267990112,-5.548713982105255,yolov5m
141,2024-12-01T17:39:35.779335,3,0.8658697605133057,215.65819573402405,35.8,1,0.3189759254455566,13.654695987701416,-5.894413113594055,yolov5m
146,2024-12-01T17:39:37.351586,3,0.8522277474403381,217.23044347763064,73.2,1,0.122110366821289,14.85355257987976,-6.500662416219711,yolov5m
148,2024-12-01T17:39:38.102452,4,0.8686882257461548,217.98130989074707,37.7,1,0.3170850276947021,15.55090308189392,-6.841107428073883,yolov5m
152,2024-12-01T17:39:39.400484,3,0.949621081352234,219.2793486118317,38.4,1,0.329603910446167,16.62279486656189,-7.336586892604828,yolov5m
153,2024-12-01T17:39:39.814458,4,0.9442193508148192,219.69331169128415,51.4,1,0.3014595508575439,16.966996669769287,-7.511388659477234,yolov5m
160,2024-12-01T17:39:42.187070,4,0.947503626346588,222.06593418121335,35.7,1,0.281339168548584,18.93195366859436,-8.492225021123886,yolov5m
162,2024-12-01T17:39:43.027617,3,0.9413632154464722,222.906476020813,42.4,1,0.2533724308013916,19.617530822753903,-8.838083803653717,yolov5m
167,2024-12-01T17:39:44.526755,3,0.9121692180633544,224.4056122303009,67.6,1,0.0818729400634765,20.823999166488647,-9.455914974212646,yolov5m
170,2024-12-01T17:39:45.568539,3,0.9415892958641052,225.4474003314972,49.4,1,0.1312992572784423,21.680306911468502,-9.8693588078022,yolov5m
174,2024-12-01T17:39:46.400154,4,0.8757662177085876,226.2790169715881,47.1,1,0.2122383117675781,22.418793201446533,-10.271513491868973,yolov5m
178,2024-12-01T17:39:47.621389,3,0.9205964207649232,227.50025629997253,67.6,1,0.0903966426849365,23.34629893302917,-10.712851256132126,yolov5m
182,2024-12-01T17:39:48.674579,3,0.808564305305481,228.5534417629242,40.4,1,0.1357593536376953,24.30743932723999,-11.249437510967256,yolov5m
187,2024-12-01T17:39:50.611779,4,0.7088906764984131,230.49064135551453,35.9,2,0.2226064205169677,25.77126216888428,-12.031185746192932,yolov5m
189,2024-12-01T17:39:51.457998,4,0.4749660938978195,231.33685755729675,37.6,2,0.301565408706665,26.45510244369507,-12.740068174898624,yolov5m
191,2024-12-01T17:39:52.508786,4,0.6712778210639954,232.3876440525055,37.2,1,0.3415513038635254,27.33584570884705,-12.832283943891523,yolov5m
193,2024-12-01T17:39:53.566067,3,0.8974080681800842,233.4449269771576,42.7,1,0.2580611705780029,28.143141508102417,-13.122866719961166,yolov5m
195,2024-12-01T17:39:54.393328,4,0.9255822896957396,234.2721884250641,62.9,1,0.109896183013916,28.742607593536377,-13.40851265192032,yolov5m
196,2024-12-01T17:39:54.937519,4,0.9453485608100892,234.8163785934448,46.9,1,0.3624529838562011,29.27134323120117,-13.66299733519554,yolov5m
197,2024-12-01T17:39:55.404534,3,0.9415823221206664,235.28339433670044,37.1,1,0.2672939300537109,29.64133381843567,-13.8498757481575,yolov5m
201,2024-12-01T17:39:57.797436,3,0.8949808478355408,237.67629981040955,31.1,1,0.3776493072509765,31.56847023963928,-14.83674469590187,yolov5m
203,2024-12-01T17:39:58.805313,3,0.5245928466320038,238.68417191505432,29.5,2,0.3528966903686523,32.3561577796936,-15.4157824665308,yolov5m
204,2024-12-01T17:39:59.117875,3,0.9336611032485962,238.99674034118647,40.3,1,0.2032506465911865,32.43227982521057,-15.249309360980988,yolov5m
206,2024-12-01T17:40:00.341615,3,0.5974947810173035,240.22047543525696,39.4,2,0.245229959487915,33.35350465774536,-15.878004938364027,yolov5m
207,2024-12-01T17:40:01.209587,3,0.8840094804763794,241.08845210075376,28.4,1,0.4021022319793701,34.15164494514465,-16.133817732334137,yolov5m
209,2024-12-01T17:40:02.917294,3,0.8366724848747253,242.7961540222168,37.6,1,0.1543829441070556,35.19241976737976,-16.677873641252518,yolov5m
210,2024-12-01T17:40:03.534121,3,0.8926259875297546,243.4129853248596,29.7,1,0.3417227268218994,35.756500482559204,-16.931937247514725,yolov5m
213,2024-12-01T17:40:05.003753,3,0.6630000919103622,244.88261246681213,34.7,2,0.3120498657226562,36.39383125305176,-17.365415580570698,yolov5m
217,2024-12-01T17:40:06.615826,3,0.9376813769340516,246.4946835041046,34.2,1,0.2336549758911132,36.67737817764282,-17.369848400354385,yolov5m
218,2024-12-01T17:40:07.238924,3,0.904809832572937,247.11778354644773,30.7,1,0.322746992111206,36.95789361000061,-17.526541888713837,yolov5m
220,2024-12-01T17:40:08.639473,3,0.917214572429657,248.5183365345001,32.5,1,0.2775754928588867,37.69832634925842,-17.890555888414383,yolov5m
223,2024-12-01T17:40:09.858417,3,0.6580423563718796,249.73727917671204,45.3,2,0.3347318172454834,37.91494131088257,-18.128449477255344,yolov5m
225,2024-12-01T17:40:11.096777,3,0.6326664686203003,250.97563910484317,30.0,1,0.3082160949707031,38.48403024673462,-18.42568188905716,yolov5m
229,2024-12-01T17:40:12.161994,3,0.926362693309784,252.04085302352905,47.8,1,0.1439087390899658,38.21918725967407,-18.146412283182144,yolov5m
232,2024-12-01T17:40:13.148389,3,0.8769834637641907,253.02724409103396,40.7,1,0.2935256958007812,38.2051100730896,-18.164063304662704,yolov5m
237,2024-12-01T17:40:14.831310,3,0.7013491988182068,254.71017026901245,67.6,1,0.1032822132110595,38.2217116355896,-18.260181218385696,yolov5m
239,2024-12-01T17:40:16.184070,3,0.8706974983215332,256.062931060791,31.2,1,0.3140869140625,38.890336751937866,-18.509819626808167,yolov5m
242,2024-12-01T17:40:17.015692,3,0.9161247611045836,256.89455246925354,36.7,1,0.2870287895202636,38.733222007751465,-18.40854862332344,yolov5m
245,2024-12-01T17:40:18.198939,3,0,258.0777990818024,35.8,0,0.2557573318481445,38.91058802604675,-19.205294013023376,yolov5m
248,2024-12-01T17:40:19.388756,3,0.4476937651634216,259.2676136493683,32.7,2,0.2954516410827636,39.10173869132996,-19.077022463083267,yolov5m
251,2024-12-01T17:40:20.264699,3,0.9200512766838074,260.1435616016388,44.4,1,0.2405462265014648,38.97974467277527,-18.52984669804573,yolov5m
255,2024-12-01T17:40:22.315779,3,0.6659231036901474,262.1946427822113,30.1,2,0.3883290290832519,39.67416977882385,-19.004123337566853,yolov5m
257,2024-12-01T17:40:23.241507,3,0.5376437902450562,263.12035608291626,33.5,1,0.3056545257568359,39.95274543762207,-19.207550823688507,yolov5m
259,2024-12-01T17:40:24.355799,3,0.8198123574256897,264.2346622943878,34.6,1,0.2861824035644531,40.392897844314575,-19.286542743444443,yolov5m
260,2024-12-01T17:40:24.858406,3,0.6957457661628723,264.7372691631317,30.5,2,0.2356634140014648,40.56206440925598,-19.433159321546555,yolov5m
262,2024-12-01T17:40:26.298648,3,0.9556090831756592,266.17750668525696,37.8,1,0.2691454887390136,41.31139135360718,-19.67789113521576,yolov5m
265,2024-12-01T17:40:27.336210,3,0.9218832850456238,267.2150683403015,42.3,1,0.1575264930725097,41.38143348693848,-19.729775100946423,yolov5m
267,2024-12-01T17:40:28.255314,3,0.768284797668457,268.13417387008667,33.0,1,0.2999420166015625,41.624794006347656,-19.9282546043396,yolov5m
272,2024-12-01T17:40:30.226520,3,0.7731286883354187,270.1053795814514,34.1,2,0.2852404117584228,41.92614388465881,-20.076507598161697,yolov5m
274,2024-12-01T17:40:31.072372,3,0.9315601587295532,270.95123505592346,46.9,1,0.1926853656768798,42.11442494392395,-20.0914323925972,yolov5m
276,2024-12-01T17:40:32.296648,3,0.5744468569755554,272.1755108833313,33.5,1,0.2623486518859863,42.66510367393494,-20.54532840847969,yolov5m
277,2024-12-01T17:40:33.368255,3,0.899205207824707,273.2471160888672,29.7,1,0.7659025192260742,43.400267362594604,-20.75053107738495,yolov5m
279,2024-12-01T17:40:34.500474,3,0.8921083211898804,274.37933683395386,33.8,1,0.2825567722320556,43.87044882774353,-20.989170253276825,yolov5m
283,2024-12-01T17:40:35.646683,3,0.9226009249687196,275.52554512023926,39.3,1,0.2025337219238281,43.68403935432434,-20.88071921467781,yolov5m
285,2024-12-01T17:40:36.558550,3,0.904969036579132,276.43741393089294,37.5,1,0.2386140823364257,43.9288022518158,-21.01191660761833,yolov5m
291,2024-12-01T17:40:38.693599,3,0.9424949288368224,278.5724639892578,35.9,1,0.247105598449707,44.06074237823486,-21.05912372469902,yolov5m
295,2024-12-01T17:40:39.895956,3,0.9353016018867492,279.77481865882874,31.8,1,0.2880978584289551,43.92267847061157,-20.99368843436241,yolov5m
296,2024-12-01T17:40:40.565038,3,0.8831411600112915,280.44390296936035,31.6,1,0.3541808128356933,44.25666880607605,-21.18676382303238,yolov5m
297,2024-12-01T17:40:40.866328,3,0.9155242443084716,280.7451910972595,37.5,1,0.1868214607238769,44.23178172111511,-21.15812873840332,yolov5m
299,2024-12-01T17:40:41.958409,3,0.92214697599411,281.8372678756714,30.0,1,0.3791470527648926,44.6438570022583,-21.360855013132092,yolov5m
300,2024-12-01T17:40:42.348951,3,0.8143667578697205,282.2278161048889,38.4,1,0.2136800289154052,44.7107241153717,-21.448178678750992,yolov5m
